Workbook

Sheet MM
B1: N.H. o-d | C1: N.C. | D1: N.H. | E1: N.F. | F1: N. HUBS | G1: N.A. | H1: N.D.H | I1: N.D.HUBS | J1: N.D. | K1: N.D.R | L1: B.U. | M1: B.F. | N1: N.URGENT | O1: N.NON-URGENT | P1: LB | Q1: GAP | R1: C.OBJ | S1: T.OBJ | T1: C.PEN | U1: C.OPER | V1: L.C.R | W1: LOG.R | X1: C.F.A | Y1: C.HUBS.A | Z1: A.F.R(ale) | AA1: A.F.R(dem) | AB1: N.F.A | AC1: N.HUBS.A | AD1: N. ARCS | AE1: N. HUBS ARCS | AF1: Model Build Time | AG1: Optimization Execution Time | AH1: TIME(s) | AI1: OPT
A2: DMNDP-K10-0_c | B2: 10 | C2: 10 | D2: 20 | E2: 36 | F2: 3 | G2: 403 | H2: 13 | I2: 120 | J2: 133 | K2: 22 | L2: 105000 | M2: 2700000 | N2: 1 | O2: 9 | P2: 132.53051 | Q2: 0 | R2: 2200000 | S2: 132.53051 | T2: 75.328114 | U2: 57.202392 | V2: 0.1 | W2: 182.47918 | X2: 2100000 | Y2: 100000 | Z2: 1 | AA2: 1 | AB2: 14 | AC2: 2 | AD2: 81 | AE2: 9 | AF2: 6.103646 | AG2: 20.51507 | AH2: 26.618716 | AI2: TRUE
A3: DMNDP-K10-0 | B3: 10 | C3: 10 | D3: 20 | E3: 36 | F3: 3 | G3: 417 | H3: 16 | I3: 120 | J3: 136 | K3: 23 | L3: 105000 | M3: 2700000 | N3: 0 | O3: 10 | P3: 50.610387 | Q3: 0 | R3: 1600000 | S3: 50.610387 | T3: 0 | U3: 50.610387 | V3: 0 | W3: 164.97755 | X3: 1500000 | Y3: 100000 | Z3: 0.8 | AA3: 1 | AB3: 10 | AC3: 2 | AD3: 66 | AE3: 9 | AF3: 6.4747629 | AG3: 2.1920981 | AH3: 8.6668611 | AI3: TRUE
A4: DMNDP-K10-1_c | B4: 10 | C4: 10 | D4: 20 | E4: 36 | F4: 3 | G4: 410 | H4: 12 | I4: 120 | J4: 132 | K4: 23 | L4: 105000 | M4: 2700000 | N4: 2 | O4: 8 | P4: 57.179198 | Q4: 0 | R4: 1750000 | S4: 57.179198 | T4: 7.2142207 | U4: 49.964977 | V4: 0.1 | W4: 161.41551 | X4: 1650000 | Y4: 100000 | Z4: 1 | AA4: 1 | AB4: 11 | AC4: 2 | AD4: 70 | AE4: 12 | AF4: 6.2161672 | AG4: 4.5046327 | AH4: 10.7208 | AI4: TRUE
A5: DMNDP-K10-1 | B5: 10 | C5: 10 | D5: 20 | E5: 36 | F5: 3 | G5: 410 | H5: 14 | I5: 120 | J5: 134 | K5: 19 | L5: 105000 | M5: 2700000 | N5: 1 | O5: 9 | P5: 49.922503 | Q5: 0 | R5: 2200000 | S5: 49.922503 | T5: 0 | U5: 49.922503 | V5: 0 | W5: 160.57346 | X5: 2100000 | Y5: 100000 | Z5: 1 | AA5: 1 | AB5: 14 | AC5: 2 | AD5: 67 | AE5: 6 | AF5: 6.199743 | AG5: 2.0585473 | AH5: 8.2582903 | AI5: TRUE
A6: DMNDP-K10-2_c | B6: 10 | C6: 10 | D6: 20 | E6: 36 | F6: 3 | G6: 415 | H6: 14 | I6: 120 | J6: 134 | K6: 20 | L6: 105000 | M6: 2700000 | N6: 1 | O6: 9 | P6: 40.48211 | Q6: 0 | R6: 2200000 | S6: 40.48211 | T6: 0 | U6: 40.48211 | V6: 0 | W6: 130.40307 | X6: 1800000 | Y6: 100000 | Z6: 0.85714286 | AA6: 1 | AB6: 12 | AC6: 2 | AD6: 57 | AE6: 6 | AF6: 6.4577239 | AG6: 10.142556 | AH6: 16.60028 | AI6: TRUE
A7: DMNDP-K10-2 | B7: 10 | C7: 10 | D7: 20 | E7: 36 | F7: 3 | G7: 416 | H7: 14 | I7: 120 | J7: 134 | K7: 26 | L7: 105000 | M7: 2700000 | N7: 1 | O7: 9 | P7: 60.247875 | Q7: 0 | R7: 2200000 | S7: 60.247875 | T7: 0 | U7: 60.247875 | V7: 0 | W7: 194.01203 | X7: 2100000 | Y7: 100000 | Z7: 0.71428571 | AA7: 1 | AB7: 14 | AC7: 2 | AD7: 81 | AE7: 13 | AF7: 6.4413218 | AG7: 4.3855639 | AH7: 10.826886 | AI7: TRUE
A8: DMNDP-K10-3_c | B8: 10 | C8: 10 | D8: 20 | E8: 36 | F8: 3 | G8: 410 | H8: 16 | I8: 120 | J8: 136 | K8: 14 | L8: 105000 | M8: 2700000 | N8: 2 | O8: 8 | P8: 20.725091 | Q8: 0 | R8: 1150000 | S8: 20.725091 | T8: 0 | U8: 20.725091 | V8: 0 | W8: 67.813182 | X8: 900000 | Y8: 100000 | Z8: 0.85714286 | AA8: 1 | AB8: 6 | AC8: 2 | AD8: 32 | AE8: 3 | AF8: 6.3078849 | AG8: 1.813813 | AH8: 8.1216979 | AI8: TRUE
A9: DMNDP-K10-3 | B9: 10 | C9: 10 | D9: 20 | E9: 36 | F9: 3 | G9: 422 | H9: 19 | I9: 120 | J9: 139 | K9: 24 | L9: 105000 | M9: 2700000 | N9: 0 | O9: 10 | P9: 61.231122 | Q9: 0 | R9: 1900000 | S9: 61.231122 | T9: 0 | U9: 61.231122 | V9: 0 | W9: 196.82064 | X9: 1800000 | Y9: 100000 | Z9: 0.83333333 | AA9: 1 | AB9: 12 | AC9: 2 | AD9: 84 | AE9: 5 | AF9: 6.797935 | AG9: 1.9934678 | AH9: 8.7914028 | AI9: TRUE
A10: DMNDP-K10-4_c | B10: 10 | C10: 10 | D10: 20 | E10: 36 | F10: 3 | G10: 408 | H10: 14 | I10: 120 | J10: 134 | K10: 21 | L10: 105000 | M10: 2700000 | N10: 1 | O10: 9 | P10: 48.397195 | Q10: 0 | R10: 1900000 | S10: 48.397195 | T10: 0 | U10: 48.397195 | V10: 0 | W10: 155.83143 | X10: 1800000 | Y10: 100000 | Z10: 0.75 | AA10: 1 | AB10: 12 | AC10: 2 | AD10: 70 | AE10: 8 | AF10: 6.144485 | AG10: 2.054296 | AH10: 8.198781 | AI10: TRUE
A11: DMNDP-K10-4 | B11: 10 | C11: 10 | D11: 20 | E11: 36 | F11: 3 | G11: 400 | H11: 15 | I11: 120 | J11: 135 | K11: 16 | L11: 105000 | M11: 2700000 | N11: 0 | O11: 10 | P11: 33.760458 | Q11: 0 | R11: 1750000 | S11: 33.760458 | T11: 0 | U11: 33.760458 | V11: 0 | W11: 109.95614 | X11: 1650000 | Y11: 100000 | Z11: 0.81818182 | AA11: 1 | AB11: 11 | AC11: 2 | AD11: 48 | AE11: 5 | AF11: 6.2237701 | AG11: 1.748162 | AH11: 7.9719322 | AI11: TRUE
A12: DMNDP-K10-5_c | B12: 10 | C12: 10 | D12: 20 | E12: 36 | F12: 3 | G12: 400 | H12: 16 | I12: 120 | J12: 136 | K12: 21 | L12: 105000 | M12: 2700000 | N12: 1 | O12: 9 | P12: 57.868918 | Q12: 0 | R12: 2650000 | S12: 57.868918 | T12: 0 | U12: 57.868918 | V12: 0 | W12: 185.3071 | X12: 2550000 | Y12: 100000 | Z12: 0.82352941 | AA12: 1 | AB12: 17 | AC12: 2 | AD12: 78 | AE12: 7 | AF12: 6.2089241 | AG12: 7.1072969 | AH12: 13.316221 | AI12: TRUE
A13: DMNDP-K10-5 | B13: 10 | C13: 10 | D13: 20 | E13: 36 | F13: 3 | G13: 400 | H13: 14 | I13: 120 | J13: 134 | K13: 19 | L13: 105000 | M13: 2700000 | N13: 1 | O13: 9 | P13: 57.902104 | Q13: 0 | R13: 2200000 | S13: 57.902104 | T13: 0 | U13: 57.902104 | V13: 0 | W13: 184.57684 | X13: 2100000 | Y13: 100000 | Z13: 0.92857143 | AA13: 1 | AB13: 14 | AC13: 2 | AD13: 78 | AE13: 6 | AF13: 6.1708217 | AG13: 1.7996957 | AH13: 7.9705174 | AI13: TRUE
... A161: DMNDP-K70-9 | B161: 70 | C161: 70 | D161: 140 | E161: 36 | F161: 3 | G161: 3197 | H161: 93 | I161: 120 | J161: 213 | K161: 136 | L161: 105000 | M161: 2700000 | N161: 1 | O161: 69 | P161: 405.49448 | Q161: 0 | R161: 2800000 | S161: 405.49448 | T161: 87.036463 | U161: 318.45802 | V161: 0.014285714 | W161: 145.6099 | X161: 2700000 | Y161: 100000 | Z161: 1 | AA161: 0.9 | AB161: 18 | AC161: 2 | AD161: 438 | AE161: 53 | AF161: 946.45896 | AG161: 920.01379 | AH161: 1866.4727 | AI161: TRUE

Sheet MH
B1: N.H. o-d | C1: N.C. | D1: N.H. | E1: N.F. | F1: N. HUBS | G1: N.A. | H1: N.D.H | I1: N.D.HUBS | J1: N.D. | K1: N.D.R | L1: B.U. | M1: B.F. | N1: OBJ | O1: GAP | P1: LB | Q1: F.C | R1: H.C | S1: N.F.A | T1: N.HUBS.A | U1: N. ARCS | V1: N. HUBS ARCS | W1: TIME(s) | X1: OPT
A2: DMNDP-K10-0_c | B2: 10 | C2: 10 | D2: 20 | E2: 36 | F2: 3 | G2: 10 | H2: 13 | I2: 120 | J2: 133 | K2: 22 | L2: 105000 | M2: 2700000 | N2: 132.53051 | O2: 0 | P2: 132.53051 | Q2: 2100000 | R2: 100000 | S2: 14 | T2: 2 | U2: 10 | V2: 8 | W2: 0.0478549 | X2: TRUE
A3: DMNDP-K10-0 | B3: 10 | C3: 10 | D3: 20 | E3: 36 | F3: 3 | G3: 10 | H3: 16 | I3: 120 | J3: 136 | K3: 23 | L3: 105000 | M3: 2700000 | N3: 50.610387 | O3: 0 | P3: 50.610387 | Q3: 1500000 | R3: 100000 | S3: 10 | T3: 2 | U3: 10 | V3: 7 | W3: 0.042062044 | X3: TRUE
A4: DMNDP-K10-1_c | B4: 10 | C4: 10 | D4: 20 | E4: 36 | F4: 3 | G4: 10 | H4: 12 | I4: 120 | J4: 132 | K4: 23 | L4: 105000 | M4: 2700000 | N4: 57.179198 | O4: 0 | P4: 57.179198 | Q4: 1650000 | R4: 100000 | S4: 11 | T4: 2 | U4: 10 | V4: 8 | W4: 0.066358089 | X4: TRUE
A5: DMNDP-K10-1 | B5: 10 | C5: 10 | D5: 20 | E5: 36 | F5: 3 | G5: 10 | H5: 14 | I5: 120 | J5: 134 | K5: 19 | L5: 105000 | M5: 2700000 | N5: 49.922503 | O5: 0 | P5: 49.922503 | Q5: 2100000 | R5: 100000 | S5: 14 | T5: 2 | U5: 10 | V5: 4 | W5: 0.023599863 | X5: TRUE
A6: DMNDP-K10-2_c | B6: 10 | C6: 10 | D6: 20 | E6: 36 | F6: 3 | G6: 10 | H6: 14 | I6: 120 | J6: 134 | K6: 20 | L6: 105000 | M6: 2700000 | N6: 40.48211 | O6: 0 | P6: 40.48211 | Q6: 1800000 | R6: 100000 | S6: 12 | T6: 2 | U6: 10 | V6: 5 | W6: 0.033285856 | X6: TRUE
A7: DMNDP-K10-2 | B7: 10 | C7: 10 | D7: 20 | E7: 36 | F7: 3 | G7: 10 | H7: 14 | I7: 120 | J7: 134 | K7: 26 | L7: 105000 | M7: 2700000 | N7: 60.247875 | O7: 0 | P7: 60.247875 | Q7: 2100000 | R7: 100000 | S7: 14 | T7: 2 | U7: 10 | V7: 8 | W7: 0.055867195 | X7: TRUE
A8: DMNDP-K10-3_c | B8: 10 | C8: 10 | D8: 20 | E8: 36 | F8: 3 | G8: 10 | H8: 16 | I8: 120 | J8: 136 | K8: 14 | L8: 105000 | M8: 2700000 | N8: 20.725091 | O8: 0 | P8: 20.725091 | Q8: 900000 | R8: 100000 | S8: 6 | T8: 2 | U8: 10 | V8: 2 | W8: 0.017946959 | X8: TRUE
A9: DMNDP-K10-3 | B9: 10 | C9: 10 | D9: 20 | E9: 36 | F9: 3 | G9: 10 | H9: 19 | I9: 120 | J9: 139 | K9: 24 | L9: 105000 | M9: 2700000 | N9: 61.231122 | O9: 0 | P9: 61.231122 | Q9: 1800000 | R9: 100000 | S9: 12 | T9: 2 | U9: 10 | V9: 5 | W9: 0.030592918 | X9: TRUE
A10: DMNDP-K10-4_c | B10: 10 | C10: 10 | D10: 20 | E10: 36 | F10: 3 | G10: 10 | H10: 14 | I10: 120 | J10: 134 | K10: 21 | L10: 105000 | M10: 2700000 | N10: 48.397195 | O10: 0 | P10: 48.397195 | Q10: 1800000 | R10: 100000 | S10: 12 | T10: 2 | U10: 10 | V10: 5 | W10: 0.042547941 | X10: TRUE
A11: DMNDP-K10-4 | B11: 10 | C11: 10 | D11: 20 | E11: 36 | F11: 3 | G11: 10 | H11: 15 | I11: 120 | J11: 135 | K11: 16 | L11: 105000 | M11: 2700000 | N11: 33.760458 | O11: 0 | P11: 33.760458 | Q11: 1650000 | R11: 100000 | S11: 11 | T11: 2 | U11: 10 | V11: 4 | W11: 0.018949986 | X11: TRUE
A12: DMNDP-K10-5_c | B12: 10 | C12: 10 | D12: 20 | E12: 36 | F12: 3 | G12: 10 | H12: 16 | I12: 120 | J12: 136 | K12: 21 | L12: 105000 | M12: 2700000 | N12: 57.868918 | O12: 0 | P12: 57.868918 | Q12: 2550000 | R12: 100000 | S12: 17 | T12: 2 | U12: 10 | V12: 5 | W12: 0.038825035 | X12: TRUE
A13: DMNDP-K10-5 | B13: 10 | C13: 10 | D13: 20 | E13: 36 | F13: 3 | G13: 10 | H13: 14 | I13: 120 | J13: 134 | K13: 19 | L13: 105000 | M13: 2700000 | N13: 57.902104 | O13: 0 | P13: 57.902104 | Q13: 2100000 | R13: 100000 | S13: 14 | T13: 2 | U13: 10 | V13: 6 | W13: 0.039818048 | X13: TRUE
... A161: DMNDP-K70-9 | B161: 70 | C161: 70 | D161: 140 | E161: 36 | F161: 3 | G161: 70 | H161: 93 | I161: 120 | J161: 213 | K161: 136 | L161: 105000 | M161: 2700000 | N161: 405.49448 | O161: 0 | P161: 405.49448 | Q161: 2700000 | R161: 100000 | S161: 18 | T161: 2 | U161: 70 | V161: 37 | W161: 0.73346615 | X161: TRUE

Sheet H
B1: N.H. o-d | C1: N.C. | D1: N.H. | E1: N.F. | F1: N. HUBS | G1: N.D.H | H1: N.D.HUBS | I1: N.D. | J1: N.D.R | K1: B.U. | L1: B.F. | M1: OBJ | N1: OBJ-LS | O1: total_facilities | P1: budget_satisfied | Q1: iterations | R1: TIME(s) | S1: GAP-MM
A2: DMNDP-K10-0_c | B2: 10 | C2: 10 | D2: 20 | E2: 36 | F2: 3 | G2: 13 | H2: 120 | I2: 133 | J2: 22 | K2: 105000 | L2: 2700000 | M2: 132.53051 | N2: 132.53051 | O2: 14 | P2: True | Q2: 0 | R2: 0.032490969 | S2: =((N2-MM!S2)/MM!S2) -> -5.3613523e-15
A3: DMNDP-K10-0 | B3: 10 | C3: 10 | D3: 20 | E3: 36 | F3: 3 | G3: 16 | H3: 120 | I3: 136 | J3: 23 | K3: 105000 | L3: 2700000 | M3: 50.610387 | N3: 50.610387 | O3: 8 | P3: True | Q3: 0 | R3: 0.019110918 | S3: =((N3-MM!S3)/MM!S3) -> 0
A4: DMNDP-K10-1_c | B4: 10 | C4: 10 | D4: 20 | E4: 36 | F4: 3 | G4: 12 | H4: 120 | I4: 132 | J4: 23 | K4: 105000 | L4: 2700000 | M4: 57.179198 | N4: 57.179198 | O4: 11 | P4: True | Q4: 0 | R4: 0.022145987 | S4: =((N4-MM!S4)/MM!S4) -> -1.3669255e-15
A5: DMNDP-K10-1 | B5: 10 | C5: 10 | D5: 20 | E5: 36 | F5: 3 | G5: 14 | H5: 120 | I5: 134 | J5: 19 | K5: 105000 | L5: 2700000 | M5: 49.922503 | N5: 49.922503 | O5: 14 | P5: True | Q5: 0 | R5: 0.033398867 | S5: =((N5-MM!S5)/MM!S5) -> -7.1164575e-16
A6: DMNDP-K10-2_c | B6: 10 | C6: 10 | D6: 20 | E6: 36 | F6: 3 | G6: 14 | H6: 120 | I6: 134 | J6: 20 | K6: 105000 | L6: 2700000 | M6: 40.48211 | N6: 40.48211 | O6: 12 | P6: True | Q6: 0 | R6: 0.024564028 | S6: =((N6-MM!S6)/MM!S6) -> -1.2286413e-15
A7: DMNDP-K10-2 | B7: 10 | C7: 10 | D7: 20 | E7: 36 | F7: 3 | G7: 14 | H7: 120 | I7: 134 | J7: 26 | K7: 105000 | L7: 2700000 | M7: 60.247875 | N7: 60.247875 | O7: 12 | P7: True | Q7: 0 | R7: 0.022088051 | S7: =((N7-MM!S7)/MM!S7) -> -9.4349251e-16
A8: DMNDP-K10-3_c | B8: 10 | C8: 10 | D8: 20 | E8: 36 | F8: 3 | G8: 16 | H8: 120 | I8: 136 | J8: 14 | K8: 105000 | L8: 2700000 | M8: 20.725091 | N8: 20.725091 | O8: 6 | P8: True | Q8: 0 | R8: 0.015414 | S8: =((N8-MM!S8)/MM!S8) -> -3.9426806e-15
A9: DMNDP-K10-3 | B9: 10 | C9: 10 | D9: 20 | E9: 36 | F9: 3 | G9: 19 | H9: 120 | I9: 139 | J9: 24 | K9: 105000 | L9: 2700000 | M9: 61.231122 | N9: 61.231122 | O9: 12 | P9: True | Q9: 0 | R9: 0.024933815 | S9: =((N9-MM!S9)/MM!S9) -> -6.9625646e-16
A10: DMNDP-K10-4_c | B10: 10 | C10: 10 | D10: 20 | E10: 36 | F10: 3 | G10: 14 | H10: 120 | I10: 134 | J10: 21 | K10: 105000 | L10: 2700000 | M10: 48.397195 | N10: 48.397195 | O10: 12 | P10: True | Q10: 0 | R10: 0.028954029 | S10: =((N10-MM!S10)/MM!S10) -> -1.6149634e-15
A11: DMNDP-K10-4 | B11: 10 | C11: 10 | D11: 20 | E11: 36 | F11: 3 | G11: 15 | H11: 120 | I11: 135 | J11: 16 | K11: 105000 | L11: 2700000 | M11: 33.760458 | N11: 33.760458 | O11: 11 | P11: True | Q11: 0 | R11: 0.028756857 | S11: =((N11-MM!S11)/MM!S11) -> -2.7360576e-15
A12: DMNDP-K10-5_c | B12: 10 | C12: 10 | D12: 20 | E12: 36 | F12: 3 | G12: 16 | H12: 120 | I12: 136 | J12: 21 | K12: 105000 | L12: 2700000 | M12: 57.868918 | N12: 57.868918 | O12: 17 | P12: True | Q12: 0 | R12: 0.036532879 | S12: =((N12-MM!S12)/MM!S12) -> -1.4734184e-15
A13: DMNDP-K10-5 | B13: 10 | C13: 10 | D13: 20 | E13: 36 | F13: 3 | G13: 14 | H13: 120 | I13: 134 | J13: 19 | K13: 105000 | L13: 2700000 | M13: 57.902104 | N13: 57.902104 | O13: 13 | P13: True | Q13: 0 | R13: 0.039555073 | S13: =((N13-MM!S13)/MM!S13) -> -8.5900146e-16
... A161: DMNDP-K70-9 | B161: 70 | C161: 70 | D161: 140 | E161: 36 | F161: 3 | G161: 93 | H161: 120 | I161: 213 | J161: 136 | K161: 105000 | L161: 2700000 | M161: 424.90525 | N161: 415.53803 | O161: 18 | P161: True | Q161: 10 | R161: 37.955037 | S161: =((N161-MM!S161)/MM!S161) -> 0.024768639
S162: =AVERAGE(S2:S161) -> 0.013329275
